,Artist,Lyrics
0,westlife,Nothing Like This
1,westlife,Re-Rewind
2,westlife,No Drama
3,westlife,Ain't Giving Up
4,westlife,I Know You
5,westlife,Sober
6,westlife,Rewind
7,westlife,No Drama
8,westlife,Sober
9,westlife,Come Alive [*]
10,westlife,Come Alive [Bonus Track]
11,westlife,Come Alive
12,westlife,Magic
13,westlife,Heartline
14,westlife,Brand New
15,westlife,Going On
16,westlife,Love Me Like It's Yesterday
17,westlife,For the Gram
18,westlife,Get Involved
19,westlife,I Know You
20,westlife,Live in the Moment
21,westlife,Love Will Come Around
22,westlife,Somebody Like Me
23,westlife,Focus
24,westlife,Reload
25,westlife,Talk to Me
26,westlife,"Talk to Me, Pt. 2"
27,westlife,We Were Just Kids
28,westlife,When the Bassline Drops
29,westlife,Nothing Like This
30,westlife,Seven Days
31,westlife,Walking Away
32,westlife,Re-Rewind
33,westlife,Fill Me In
34,westlife,Rewind
35,westlife,Seven Days
36,westlife,Rise & Fall
37,westlife,Insomnia
38,westlife,Walking Away
39,westlife,Rendezvous
40,westlife,Where's Your Love
41,westlife,Hidden Agenda
42,westlife,World Filled With Love
43,westlife,Spanish
44,westlife,All the Way
45,westlife,Just My Imagination
46,westlife,Don't Love You No More (I'm Sorry)
47,westlife,Hot Stuff (Let's Dance)
48,westlife,6 of 1 Thing
49,westlife,Key to My Heart
50,westlife,Heartline
51,westlife,You Don't Know Me
52,westlife,Re-Rewind
53,westlife,Rewind
54,westlife,Rendezvous
55,westlife,Reload
56,westlife,Ain't Giving Up
57,westlife,Nothing Like This
58,westlife,Got It Good
59,westlife,Got It Good
60,westlife,Ain't Giving Up
61,westlife,When the Bassline Drops
62,westlife,Don't Go
63,westlife,16
64,westlife,Couldn't Be Mine
65,westlife,One More Time
66,westlife,Change My Love
67,westlife,Nothing Like This
68,westlife,Got It Good
69,westlife,All We Needed
70,westlife,Louder Than Words
71,westlife,What If
72,westlife,Like a Fan
73,westlife,Better With You
74,westlife,Nothing Like This
75,westlife,Nothing Like This
76,westlife,7 Days
77,westlife,Fill Me In
78,westlife,Who Am I
79,westlife,Ain't Giving Up
80,westlife,Nothing Like This
81,westlife,Nothing Like This
82,westlife,7 Days
83,westlife,Nothing Like This
84,westlife,Fill Me In
85,westlife,One More Time
86,westlife,7 Days
87,westlife,Re-Rewind
88,westlife,7 Days
89,westlife,Walking Away
90,westlife,Re-Rewind
91,westlife,Re-Rewind
92,westlife,Woman Trouble
93,westlife,7 Days
94,westlife,7 Days
95,westlife,7 Days
96,westlife,7 Days
97,westlife,7 Days
98,westlife,Re-Rewind
99,westlife,Fill Me In
100,westlife,Fill Me In
101,westlife,7 Days
102,westlife,Rewind
103,westlife,7 Days
104,westlife,Rise & Fall
105,westlife,Rewind
106,westlife,Insomnia
107,westlife,7 Days
108,westlife,Fill Me In
109,westlife,Re-Rewind
110,westlife,6 of 1 Thing
111,westlife,6 of 1 Thing
112,westlife,7 Days
113,westlife,Re-Rewind
114,westlife,7 Days
115,westlife,7 Days
116,westlife,Walking Away
117,westlife,Woman Trouble
118,westlife,Fill Me In
119,westlife,One More Lie
120,westlife,7 Days
121,westlife,Walking Away
122,westlife,Re-Rewind (The Crowd Say Bo Selecta)
123,westlife,One More Lie
124,westlife,World Filled with Love
125,westlife,Insomnia
126,westlife,This Is the Girl
127,westlife,Re-Rewind (The Crowd Say Bo Selecta)
128,westlife,One More Lie
129,westlife,Re-Rewind (The Crowd Say Bo Selecta)
130,westlife,It Ain't Enough
131,westlife,My First Love
132,westlife,One More Lie (Standing in the Shadows)
133,westlife,"Signed, Sealed, Delivered (I'm Yours)"
134,westlife,I Heard It Through the Grapevine
135,westlife,Just My Imagination
136,westlife,For Once in My Life
137,westlife,(Sittin' On) The Dock of the Bay
138,westlife,Mercy Mercy Me
139,westlife,I Wonder Why
140,westlife,Papa Was a Rolling Stone
141,westlife,Let's Stay Together
142,westlife,This Could Be Love
143,westlife,This Is the Girl
144,westlife,Woman Trouble
145,westlife,It Ain't Enough
146,westlife,Walking Away
147,westlife,Walking Away [*]
148,westlife,Insomnia
149,westlife,What Ya Gonna Do
150,westlife,Insomnia
151,westlife,Walking Away
152,westlife,Walking Away
153,westlife,6 of 1 Thing
154,westlife,Hot Stuff
155,westlife,Fill Me In
156,westlife,7 Days
157,westlife,Rise & Fall
158,westlife,Insomnia
159,westlife,Walking Away
160,westlife,Where's Your Love
161,westlife,You Don't Miss Your Water ('til the Well Runs Dry)
162,westlife,All the Way
163,westlife,Just My Imagination
164,westlife,Don't Love You No More (I'm Sorry)
165,westlife,6 of 1 Thing
166,westlife,Hidden Agenda
167,westlife,Rewind
168,westlife,Hot Stuff (Let's Dance)
169,westlife,Fill Me In
170,westlife,7 Days
171,westlife,Rise & Fall
172,westlife,Insomnia
173,westlife,What's Your Flava? [Radio Edit]
174,westlife,Walking Away
175,westlife,Where's Your Love
176,westlife,You Don't Miss Your Water ('til the Well Runs Dry)
177,westlife,All the Way
178,westlife,Just My Imagination
179,westlife,Don't Love You No More (I'm Sorry)
180,westlife,6 of 1 Thing
181,westlife,Hidden Agenda
182,westlife,Rewind
183,westlife,Hot Stuff (Let's Dance)
184,westlife,Hot Stuff (Let's Dance)
185,westlife,Hot Stuff
186,westlife,All the Way
187,westlife,6 of 1 Thing
188,westlife,Where's Your Love
189,westlife,Friday Night
190,westlife,Hot Stuff (Let's Dance)
191,westlife,Walking Away
192,westlife,Walking Away
193,westlife,Rewind
194,westlife,Hot Stuff [Let's Dance]
195,westlife,Hot Stuff vs. World Hold On
196,westlife,Hot Stuff (Let's Dance)
197,westlife,Hot Stuff (Let's Dance)
198,westlife,Re-Rewind (The Crowd Say Bo Selecta)
199,westlife,Woman Trouble
200,westlife,Hot Stuff (Let's Dance)
201,westlife,6 of 1 Thing
202,westlife,Friday Night
203,westlife,Awkward
204,westlife,Just a Reminder
205,westlife,Officially Yours
206,westlife,Kinda Girl for Me
207,westlife,She's on Fire
208,westlife,Don't Play With Our Love
209,westlife,Top of the Hill
210,westlife,This Is the Girl
211,westlife,Hot Stuff (Let's Dance)
212,westlife,6 of 1 Thing
213,westlife,Friday Night
214,westlife,Awkward
215,westlife,Just a Reminder
216,westlife,Officially Yours
217,westlife,Kinda Girl for Me
218,westlife,She's on Fire
219,westlife,Don't Play with Our Love (Fka Trust Me)
220,westlife,Top of the Hill
221,westlife,This Is the Girl
222,westlife,Hot Stuff (Let's Dance)
223,westlife,6 of 1 Thing
224,westlife,Friday Night
225,westlife,Awkward
226,westlife,Just a Reminder
227,westlife,Officially Yours
228,westlife,Kinda Girl for Me
229,westlife,She's on Fire
230,westlife,Don't Play with Our Love (Fka Trust Me)
231,westlife,Top of the Hill
232,westlife,This Is the Girl
233,westlife,Walking Away
234,westlife,Don't Love You No More (I'm Sorry)
235,westlife,All the Way
236,westlife,Don't Love You No More (I'm Sorry)
237,westlife,"Walking Away [Live Video Taken from ""Off the Hook Live at Wemble]"
238,westlife,Don't Love You No More (I'm Sorry) [Making of the Video]
239,westlife,Don't Love You No More (I'm Sorry) [Audio]
240,westlife,Do You Believe in Love
241,westlife,Hidden Agenda
242,westlife,Unbelievable
243,westlife,All the Way
244,westlife,Woman Trouble
245,westlife,Just Chillin
246,westlife,7 Days
247,westlife,Unbelievable
248,westlife,Rise & Fall
249,westlife,Unbelievable
250,westlife,Can You Feel Me
251,westlife,All the Way
252,westlife,Take 'Em Off
253,westlife,All the Way
254,westlife,Can You Feel Me
255,westlife,All the Way [Multimedia Track]
256,westlife,Fill Me In
257,westlife,Walking Away
258,westlife,Don't Love You No More (I'm Sorry)
259,westlife,Don't Love You No More (I'm Sorry)
260,westlife,Walking Away [Live]
261,westlife,All the Way
262,westlife,Walking Away [DVD]
263,westlife,Woman Trouble
264,westlife,All the Way (Album Version)
265,westlife,All the Way
266,westlife,Don't Love You No More (I'm Sorry)
267,westlife,Hypnotic
268,westlife,Separate Ways
269,westlife,Johnny
270,westlife,Do You Believe in Love
271,westlife,One Last Dance
272,westlife,Unbelievable
273,westlife,Unbelievable (Single Version/ Radio Edit)
274,westlife,Just Chillin'
275,westlife,Thief in the Night
276,westlife,Take 'Em Off
277,westlife,My Love Don't Stop
278,westlife,Let Her Go
279,westlife,Never Should Have Walked Away
280,westlife,Unbelievable (Metro Mix) (Radio Edit) (Commercial Version)
281,westlife,All the Way (H-Money Mix) (With Rap)
282,westlife,All the Way (Live in Seoul) (September 2005)
283,westlife,Don't Love You No More (I'm Sorry) - (Live in Seoul) (September 2005)
284,westlife,Rise & Fall (Live in Seoul) (September 2005)
285,westlife,Walking Away (Live in Seoul) (September 2005)
286,westlife,Don't Love You No More (I'm Sorry) (Video)
287,westlife,7 Days (Album Version) (Video)
288,westlife,All the Way
289,westlife,Don't Love You No More (I'm Sorry)
290,westlife,Hypnotic
291,westlife,Separate Ways
292,westlife,Johnny
293,westlife,Do You Believe in Love
294,westlife,One Last Dance
295,westlife,Unbelievable
296,westlife,Just Chillin'
297,westlife,Thief in the Night
298,westlife,Take 'Em Off
299,westlife,My Love Don't Stop
300,westlife,All the Way
301,westlife,Don't Love You No More (I'm Sorry)
302,westlife,Hypnotic
303,westlife,Separate Ways
304,westlife,Johnny
305,westlife,Do You Believe in Love
306,westlife,One Last Dance
307,westlife,Just Chillin'
308,westlife,Thief In the Night
309,westlife,Take 'Em Off
310,westlife,My Love Don't Stop
311,westlife,Let Her Go
312,westlife,All the Way
313,westlife,Don't Love You No More (I'm Sorry)
314,westlife,Hypnotic
315,westlife,Separate Ways
316,westlife,Johnny
317,westlife,Do You Believe in Love
318,westlife,One Last Dance
319,westlife,Just Chillin'
320,westlife,Thief in the Night
321,westlife,Take 'Em Off
322,westlife,My Love Don't Stop
323,westlife,Let Her Go
324,westlife,Rise & Fall
325,westlife,Walking Away
326,westlife,All the Way
327,westlife,Don't Love You No More (I'm Sorry)
328,westlife,Hypnotic
329,westlife,Separate Ways
330,westlife,Johnny
331,westlife,Do You Believe in Love
332,westlife,One Last Dance
333,westlife,Unbelievable
334,westlife,Just Chillin'
335,westlife,Thief in the Night
336,westlife,Take 'Em Off
337,westlife,My Love Don't Stop
338,westlife,Let Her Go
339,westlife,Walking Away [Live][*]
340,westlife,Don't Love You No More (I'm Sorry) [CD-ROM Track][*]
341,westlife,7 Days [CD-ROM Track][*]
342,westlife,All the Way
343,westlife,Don't Love You No More (I'm Sorry)
344,westlife,Hypnotic
345,westlife,Separate Ways
346,westlife,Johnny
347,westlife,Do You Believe in Love
348,westlife,One Last Dance
349,westlife,Just Chillin'
350,westlife,Thief in the Night
351,westlife,Take 'Em Off
352,westlife,My Love Don't Stop
353,westlife,Let Her Go
354,westlife,All the Way
355,westlife,Don't Love You No More (I'm Sorry)
356,westlife,Hypnotic
357,westlife,Separate Ways
358,westlife,Johnny
359,westlife,Do You Believe in Love
360,westlife,One Last Dance
361,westlife,Unbelievable
362,westlife,Just Chillin'
363,westlife,Thief in the Night
364,westlife,Take 'Em Off
365,westlife,My Love Don't Stop
366,westlife,Never Should Have Walked Away
367,westlife,Let Her Go
368,westlife,All the Way
369,westlife,What's Your Flava
370,westlife,Fill Me In [Radio Edit]
371,westlife,Rise & Fall
372,westlife,7 Days
373,westlife,Re-Rewind (The Crowd Say Bo Selecta)
374,westlife,Re-Rewind (The Crowd Say Bo Selecta)
375,westlife,Re-Wind (The Crowd Say Bo Selecta)
376,westlife,Hidden Agenda [Radio Edit]
377,westlife,7 Days
378,westlife,Re-Rewind (The Crowd Say Bo Selecta)
379,westlife,Rise and Fall
380,westlife,What's Your Flava?
381,westlife,7 Days [Em]
382,westlife,7 Days
383,westlife,Hidden Agenda [Radio Edit]
384,westlife,Come Together
385,westlife,Hidden Agenda
386,westlife,Hidden Agenda [Radio Edit]
387,westlife,Hidden Agenda [Blacksmith Re-Rub]
388,westlife,What's Your Flava?
389,westlife,Fill Me In
390,westlife,Rise & Fall [Blacksmith Hip Hop Rub]
391,westlife,Time to Party
392,westlife,Re-Rewind [The Crowd Say Bo Selecta]
393,westlife,7 Days
394,westlife,Fill Me In
395,westlife,Hidden Agenda
396,westlife,What's Your Flava?
397,westlife,What's Your Flava
398,westlife,Hidden Agenda
399,westlife,World Filled with Love
400,westlife,Rendezvous
401,westlife,Come Together
402,westlife,Fill Me In [Radio Edit]
403,westlife,Re-Rewind
404,westlife,Fill Me In
405,westlife,7 Days
406,westlife,Rendezvous
407,westlife,What's Your Flava?
408,westlife,Rendezvous
409,westlife,Rendezvous [Blacksmith R&B Rerub]
410,westlife,Slicker Than Your Average
411,westlife,What's Your Flava?
412,westlife,Fast Cars
413,westlife,Hidden Agenda
414,westlife,Eenie Meenie
415,westlife,You Don't Miss Your Water ('Til the Well Runs Dry)
416,westlife,Rise & Fall
417,westlife,Personal
418,westlife,Hands Up In the Air
419,westlife,2 Steps Back
420,westlife,Spanish
421,westlife,What's Changed
422,westlife,World Filled With Love
423,westlife,Slicker Than Your Average
424,westlife,What's Your Flava?
425,westlife,Fast Cars
426,westlife,Hidden Agenda
427,westlife,Eenie Meenie
428,westlife,You Don't Miss Your Water ('Til the Well Runs Dry)
429,westlife,Rise & Fall
430,westlife,Personal
431,westlife,Hands Up in the Air
432,westlife,2 Steps Back
433,westlife,Spanish
434,westlife,What's Changed
435,westlife,World Filled With Love
436,westlife,What's Your Flava? [Todd's Underground Flava Vocal Remix]
437,westlife,Hidden Agenda [Blacksmith Rerub]
438,westlife,Four Times a Lady [#]
439,westlife,Rise & Fall [Blacksmith Hip Hop Rub]
440,westlife,Fill Me In [Acoustic]
441,westlife,Slicker Than Your Average
442,westlife,What's Your Flava?
443,westlife,Fast Cars
444,westlife,Hidden Agenda
445,westlife,Eenie Meenie
446,westlife,You Don't Miss Your Water ('Till the Well Runs Dry)
447,westlife,Rise & Fall
448,westlife,Personal
449,westlife,Hands Up in the Air
450,westlife,2 Steps Back
451,westlife,Spanish
452,westlife,What's Changed
453,westlife,World Filled with Love
454,westlife,Four Times a Lady
455,westlife,7 Days
456,westlife,Walking Away
457,westlife,Walking Away [Original Version]
458,westlife,Walking Away [Ignorants Remix]
459,westlife,Walking Away [Treats Better Day Remix]
460,westlife,Walking Away
461,westlife,Walking Away
462,westlife,Walking Away
463,westlife,Rendezvous
464,westlife,7 Days
465,westlife,Fill Me In [Radio Edit]
466,westlife,Fill Me In
467,westlife,Can't Be Messin' Around
468,westlife,Can't Be Messing 'Round
469,westlife,Rendezvous
470,westlife,7 Days
471,westlife,Seven Days
472,westlife,Follow Me
473,westlife,Last Night
474,westlife,Key To My Heart
475,westlife,Walking Away
476,westlife,"Fill Me In, Pt. 2"
477,westlife,Time to Party
478,westlife,Bootyman
479,westlife,Once In A Lifetime
480,westlife,You Know What
481,westlife,Booty Man
482,westlife,Rewind
483,westlife,Four Times a Lady
484,westlife,Fill Me In
485,westlife,Can't Be Messing 'Round
486,westlife,Rendezvous
487,westlife,7 Days
488,westlife,Follow Me
489,westlife,Last Night
490,westlife,Walking Away
491,westlife,Time to Party
492,westlife,Booty Man
493,westlife,Once in a Lifetime
494,westlife,You Know What
495,westlife,Walking Away [Radio Edit]
496,westlife,Walking Away [Ignorants Remix]
497,westlife,Walking Away [DJ Chunky Remix]
498,westlife,Fill Me In
499,westlife,Rendezvous
500,westlife,7 Days
501,westlife,Follow Me
502,westlife,Last Night
503,westlife,Walking Away
504,westlife,Time to Party
505,westlife,Booty Man
506,westlife,Once in a Lifetime
507,westlife,You Know What
508,westlife,Fill Me in
509,westlife,Can't Be Messing 'Round
510,westlife,Rendezvous
511,westlife,7 Days
512,westlife,Follow Me
513,westlife,Last Night
514,westlife,Walking Away
515,westlife,Time to Party
516,westlife,Booty Man
517,westlife,Once in a Lifetime
518,westlife,You Know What
519,westlife,Fill Me In
520,westlife,Can't Be Messing 'Round
521,westlife,Rendezvous
522,westlife,7 Days
523,westlife,Follow Me
524,westlife,Last Night
525,westlife,Walking Away
526,westlife,Time to Party
527,westlife,Booty Man
528,westlife,Once in a Lifetime
529,westlife,You Know What
530,westlife,Rewind
531,westlife,Walking Away
532,westlife,Fill Me In
533,westlife,Apartment 543
534,westlife,Fill Me In [Radio Edit]
535,westlife,Fill Me In
536,westlife,Fill Me In [Instrumental]
537,westlife,Fill Me In
538,westlife,Fill Me In
539,westlife,Walking Away
540,westlife,Woman Trouble [Radio Edit]
541,westlife,Re-Rewind
542,westlife,Woman Trouble [Radio Edit]
543,westlife,Woman Trouble
544,westlife,Re-Rewind
545,westlife,Woman Trouble
546,westlife,Woman Trouble [Original Version][*]
547,westlife,Re-Rewind
548,westlife,Woman Trouble
549,westlife,Woman Trouble [Original Version][*]
550,westlife,Re-Rewind
551,westlife,Woman Trouble
552,westlife,What You Gonna Do?
553,westlife,Woman Trouble [Original Version][*]
554,westlife,Rendezvous [Blacksmith R&B re-rub]
555,westlife,Walking Away
556,westlife,Walking Away
557,westlife,7 Days
558,westlife,"Fill Me In, Pt. 2"
559,westlife,Walking Away
560,westlife,Walking Away
561,westlife,7 Days
562,westlife,Fill Me In [Radio Edit]
563,westlife,Walking Away [Ignorants Remix]
564,westlife,Rendezvous [Blacksmith R&B Rerub]
565,westlife,Walking Away [DJ Chunky Remix]
566,westlife,Walking Away [Treats-Better Day Remix]
567,westlife,Walking Away [Live in Amsterdam]
568,westlife,Rendezvous (Blacksmith R&B Redub)
569,westlife,Rendezvous [Blacksmith Randb Rerub]
570,westlife,Seven Days
571,westlife,Walking Away
572,westlife,Walking Away
573,westlife,Fill Me In
574,westlife,Walking Away
575,westlife,Walking Away
576,westlife,7 Days
577,westlife,Walking Away
578,westlife,Walking Away
579,westlife,Rewind
580,westlife,7 Days [Featuring Fat Joe/Big Punisher/Cuban Link]
581,westlife,7 Days [Acoustic]
582,westlife,Fill Me In
583,westlife,7 Days
584,westlife,7 Days
585,westlife,Fill Me In
586,westlife,7 Days
587,westlife,Fill Me In [Radio Edit]
588,westlife,Re-Rewind the Crowd Say Bo Selecta
589,westlife,Fill Me in
590,westlife,7 Days
591,westlife,Woman Trouble
592,westlife,Fill Me In
593,westlife,Re-Rewind (The Crowd Say So Selecta)
594,westlife,Woman Trouble
595,westlife,Walking Away
596,westlife,7 Days
597,westlife,Fill Me In
598,westlife,Movin' Too Fast [Original Mix]
599,westlife,Sincere
600,westlife,Woman Trouble [Original Version Radio Cut]
601,westlife,Fill Me In
602,westlife,7 Days
603,westlife,Woman Trouble [Original Artful Dodger Mix]
604,westlife,No More
605,westlife,No More
606,westlife,Fill Me In [Radio Edit]
607,westlife,Woman Trouble [Radio Edit]
608,westlife,Fill Me In
609,westlife,Fill Me In
610,westlife,7 Days
611,westlife,7 Days
612,westlife,Fill Me In
613,westlife,Woman Trouble
614,westlife,Woman Trouble [Full Length Version]
615,westlife,Woman Trouble
616,westlife,Walking Away
617,westlife,Fill Me In
618,westlife,Something [A.D. Skippy Mix]
619,westlife,Fill Me In
620,westlife,7 Days [Sunship RMX]
621,westlife,Woman Trouble [Full Length Version]
622,westlife,What Ya Gonna Do
623,westlife,Hidden Agenda
624,westlife,Walking Away
625,westlife,Fill Me In
626,westlife,What Ya Gonna Do?
627,westlife,Woman Trouble [Original Version Radio Edit][Version]
628,westlife,16
629,westlife,Dooms Night [Timo Maas Remix]
630,westlife,Fill Me In
631,westlife,Fill Me In
632,westlife,7 Days
633,westlife,Rise and Fall
634,westlife,Insomnia
635,westlife,What's Your Flava?
636,westlife,Walking Away
637,westlife,Where's Your Love
638,westlife,You Don't Miss Your Water ('Til the Well Runs Dry)
639,westlife,Rendezvous
640,westlife,Spanish
641,westlife,All the Way
642,westlife,Just My Imagination
643,westlife,World Filled with Love
644,westlife,Don't Love You No More (I'm Sorry)
645,westlife,6 of 1 Thing
646,westlife,Hidden Agenda
647,westlife,This Is the Girl
648,westlife,Rewind
649,westlife,Hot Stuff (Let's Dance)
650,westlife,Where's Your Love [DVD]
651,westlife,Come Alive [Bonus Track]
652,westlife,7 Days
653,westlife,Walking Away
654,westlife,Nothing Like This
655,westlife,7 Days
656,westlife,Walking Away
657,westlife,Walking Away
658,westlife,7 Days
659,westlife,Fill Me In
660,westlife,Walking Away
661,westlife,Officially Yours [Album Version]
662,westlife,She's on Fire [Acoustic][Multimedia Track]
663,westlife,One More Lie (Standing In The Shadows)
664,westlife,What's Your Flava?
665,westlife,Spanish [Blacksmith R&B Rub]
666,westlife,7 Days
667,westlife,Rise and Fall
668,westlife,Fill Me In
669,westlife,Fill Me In
670,westlife,Fill Me In
671,westlife,7 Days
672,westlife,7 Days
673,westlife,Fill Me In
674,westlife,Rewind
675,westlife,Officially Yours
676,westlife,Fill Me In
677,westlife,Rise and Fall
678,westlife,Fill Me In
679,westlife,Fill Me In
680,westlife,7 Days
681,westlife,Rise and Fall
682,westlife,Fill Me In
683,westlife,Rise and Fall
684,westlife,Fill Me In
685,westlife,Fill Me In
686,westlife,7 Days
687,westlife,All the Way
688,westlife,All the Way
689,westlife,Unbelievable
690,westlife,Don't Love You No More (I'm Sorry)
691,westlife,All the Way
692,westlife,Unbelievable
693,westlife,What's Your Flava?
694,westlife,Rendezvous [Blacksmith R&B Redub]
695,westlife,Hidden Agenda
696,westlife,Unbelievable
697,westlife,7 Days
698,westlife,7 Days
699,westlife,7 Days
700,westlife,Fill Me In
701,westlife,7 Days
702,westlife,Fill Me In
703,westlife,You Don't Miss Your Water ('Till the Well Runs Dry)
704,westlife,All the Way
705,westlife,Warm It Up
706,westlife,Who You Are
707,westlife,Summertime
708,westlife,Dirty Mouth
709,westlife,When The Bassline Drops
710,westlife,Here with Me
711,westlife,Who You Are
712,westlife,Unbelievable
713,westlife,Bridge Over Troubled Water
714,westlife,Are You Up For This
715,westlife,Unreplaceable
716,westlife,Magic [Remix]
717,westlife,R U Ready
718,westlife,Cocoa Butter
719,westlife,I Just Dont Love You No More
720,westlife,Hot Stuff vs. World Hold On
721,westlife,Like I Never Left
722,westlife,Something
723,westlife,7 Days
724,westlife,What's Your Flava
725,westlife,What's Your Flava
726,westlife,What's Your Flava
727,westlife,One More Lie (Standing in the Shadows)
728,westlife,Don't Love You No More (I'm Sorry)
729,westlife,Woman Trouble [Original Version Radio Cut]
730,westlife,Ain't Giving Up
731,westlife,No Holding Back
732,westlife,Sink or Swim
733,westlife,Do You Miss Me Much
734,westlife,Really Love
735,westlife,When You Know What Love Is
736,westlife,Bang Bang
737,westlife,Different Wave
738,westlife,Intimate
739,westlife,16
740,westlife,Unbelievable
741,westlife,Unbelievable
742,westlife,Walking Away
743,westlife,7 Days
744,westlife,Fill Me In
745,westlife,This Is the Girl
746,westlife,Rise & Fall
747,westlife,Rise & Fall
748,westlife,Unbelievable
749,westlife,Fill Me In
750,westlife,Walking Away
751,westlife,Fill Me In
752,westlife,No Drama
753,westlife,Summertime
754,westlife,Sunshine [UK Garage remix]
755,westlife,"All Alone Tonight (Stop, Look, Listen)"
756,westlife,Different Wave
757,westlife,Fill Me In
758,westlife,Fill Me In
759,westlife,Who Am I
760,westlife,Nothing Like This
761,westlife,Fill Me In
762,westlife,Rewind
763,westlife,Fill Me In
764,westlife,Can't Be Messin' Around
765,westlife,No Drama
766,westlife,Really Love
767,westlife,What's Your Flava?
768,westlife,Fill Me In
769,westlife,Who Am I
770,westlife,Don't Love You No More (I'm Sorry)
771,westlife,What Ya Gonna Do
772,westlife,All the Way
773,westlife,Don't Love You No More (I'm Sorry)
774,westlife,What's Your Flava
775,westlife,Hot Stuff [Let's Dance]
776,westlife,It Ain't Enough
777,westlife,When The Bassline Drops
778,westlife,7 Days
779,westlife,Fill Me In
780,westlife,Unbelievable
781,westlife,Don't Love You No More (I'm Sorry)
782,westlife,Follow Me
783,westlife,Rendezvous [Blacksmith R&B Redub]
784,westlife,7 Days
785,westlife,Fill Me In
786,westlife,All the Way
787,westlife,All the Way
788,westlife,Don't Love You No More (I'm Sorry)
789,westlife,Fill Me In
790,westlife,All the Way
791,westlife,Unbelievable
792,westlife,Don't Love You No More (I'm Sorry)
793,westlife,Rise and Fall
794,westlife,All the Way
795,westlife,Fill Me In
796,westlife,All the Way
797,westlife,Booty Man
798,westlife,Rise and Fall
799,westlife,7 Days
800,westlife,Key to My Heart
801,westlife,Rendezvous [Blacksmith R&B Redub]
802,westlife,7 Days
803,westlife,Rendezvous [Blacksmith R&B Redub]
804,westlife,Walking Away
805,westlife,Walking Away
806,westlife,7 Days
807,westlife,Woman Trouble [Full Length Version]
808,westlife,Rendezvous [Blacksmith R&B Redub]
809,westlife,Rise and Fall
810,westlife,7 Days
811,westlife,Fill Me In
812,westlife,Fill Me In
813,westlife,Hidden Agenda
814,westlife,Hidden Agenda
815,westlife,7 Days
816,westlife,World Filled With Love
817,westlife,All Friday
818,westlife,Ain't Giving Up
819,westlife,I Know You
0,craig,Hello My Love
1,craig,My Blood
2,craig,I Have a Dream
3,craig,Uptown Girl
4,craig,Flying Without Wings
5,craig,Uptown Girl
6,craig,Flying Without Wings
7,craig,Flying Without Wings
8,craig,Flying Without Wings
9,craig,You Raise Me Up
10,craig,I Have a Dream
11,craig,You Raise Me Up
12,craig,Flying Without Wings
13,craig,Flying Without Wings
14,craig,I Do
15,craig,White Christmas
16,craig,Uptown Girl
17,craig,I Have a Dream
18,craig,You Raise Me Up
19,craig,Keep on Loving You
20,craig,Flying Without Wings
21,craig,Mandy
22,craig,White Christmas
23,craig,Confide in Me
24,craig,Flying Without Wings
25,craig,Flying Without Wings
26,craig,You Raise Me Up
27,craig,Flying Without Wings
28,craig,I Have a Dream
29,craig,Flying Without Wings [In the Style of Ruben Studdard]
30,craig,I Have a Dream
31,craig,You Raise Me Up
32,craig,Flying Without Wings [In the Style of Westlife]
33,craig,You Raise Me Up
34,craig,Home
35,craig,What About Now [In the Style of Lonestar] [Performance Track With Demon
36,craig,You Raise Me Up
37,craig,Swear It Again
38,craig,If I Let You Go
39,craig,Flying Without Wings
40,craig,I Have a Dream
41,craig,Against All Odds (Take a Look at Me Now)
42,craig,My Love
43,craig,Uptown Girl
44,craig,Queen of My Heart
45,craig,World of Our Own
46,craig,Mandy
47,craig,You Raise Me Up
48,craig,Home
49,craig,What About Now
50,craig,Lighthouse
51,craig,Uptown Girl
52,craig,Safe
53,craig,Unbreakable
54,craig,Uptown Girl
55,craig,The Rose
56,craig,Swear It Again
57,craig,My Love
58,craig,Uptown Girl
59,craig,Against All Odds (Take a Look at Me Now)
60,craig,What About Now
61,craig,If I Let You Go
62,craig,If I Let You Go [DVD]
63,craig,Uptown Girl
64,craig,Flying Without Wings
65,craig,Mandy
66,craig,Beautiful Tonight
67,craig,Safe
68,craig,Chances
69,craig,I Will Reach You
70,craig,Closer
71,craig,The Reason
72,craig,Tell Me It's Love
73,craig,I Get Weak
74,craig,Before It's Too Late
75,craig,No One's Gonna Sleep Tonight
76,craig,Difference In Me
77,craig,Too Hard To Say Goodbye
78,craig,I Have a Dream
79,craig,You Raise Me Up
80,craig,What About Now
81,craig,Where We Are
82,craig,What About Now
83,craig,When You're Looking Like That
84,craig,My Love
85,craig,Uptown Girl
86,craig,Swear It Again
87,craig,Mandy
88,craig,If I Let You Go
89,craig,Shadows
90,craig,Home
91,craig,I'm Already There
92,craig,What Makes a Man
93,craig,Flying Without Wings
94,craig,World of Our Own
95,craig,I'll See You Again
96,craig,You Raise Me Up
97,craig,What About Now [Alternate Take]
98,craig,Flying Without Wings
99,craig,You Raise Me Up
100,craig,Uptown Girl
101,craig,You Raise Me Up
102,craig,I Have a Dream
103,craig,Flying Without Wings
104,craig,You Raise Me Up
105,craig,Home
106,craig,The Rose
107,craig,Flying Without Wings
108,craig,Flying Without Wings
109,craig,Mandy
110,craig,What About Now
111,craig,You Raise Me Up [Live At Croke Park] [Live]
112,craig,What About Now
113,craig,How to Break a Heart
114,craig,Leaving
115,craig,Shadows
116,craig,Talk Me Down
117,craig,Where We Are
118,craig,The Difference
119,craig,As Love Is My Witness
120,craig,Another World
121,craig,No More Heroes
122,craig,Sound of a Broken Heart
123,craig,Reach Out
124,craig,I'll See You Again
125,craig,If I Let You Go [DVD]
126,craig,Mandy [DVD]
127,craig,Swear It Again [DVD]
128,craig,Flying Without Wings [DVD]
129,craig,You Raise Me Up [DVD]
130,craig,Hit You with the Real Thing
131,craig,World of Our Own
132,craig,Something Right
133,craig,What Makes a Man
134,craig,Uptown Girl
135,craig,The Easy Way
136,craig,If I Let You Go
137,craig,Mandy
138,craig,I'm Already There
139,craig,Unbreakable
140,craig,Queen of My Heart
141,craig,Fool Again
142,craig,Catch My Breath
143,craig,Home
144,craig,Us Against the World
145,craig,Swear It Again
146,craig,Flying Without Wings
147,craig,When You're Looking Like That
148,craig,Uptown Girl
149,craig,If I Let You Go
150,craig,Flying Without Wings
151,craig,Something Right
152,craig,Something Right
153,craig,You Raise Me Up
154,craig,Uptown Girl
155,craig,If I Let You Go [Radio Edit]
156,craig,If I Let You Go [DVD]
157,craig,Home
158,craig,It's You
159,craig,Swear It Again [Radio Edit]
160,craig,You Raise Me Up
161,craig,You Raise Me Up
162,craig,Us Against the World
163,craig,It's You
164,craig,All out of Love
165,craig,Against All Odds (Take a Look at Me Now)
166,craig,Against All Odds
167,craig,Swear It Again
168,craig,If I Let You Go
169,craig,Flying Without Wings
170,craig,I Have a Dream
171,craig,Uptown Girl
172,craig,All out of Love
173,craig,Home
174,craig,Uptown Girl
175,craig,Home
176,craig,Us Against the World
177,craig,Something Right
178,craig,I'm Already There
179,craig,When I'm with You
180,craig,Have You Ever
181,craig,It's You
182,craig,Catch My Breath
183,craig,The Easy Way
184,craig,I Do
185,craig,Pictures in My Head
186,craig,You Must Have Had a Broken Heart
187,craig,Flying Without Wings
188,craig,Flying Without Wings
189,craig,Home
190,craig,Hard to Say I'm Sorry
191,craig,Total Eclipse of the Heart [Sunset Strippers Full Dance Mix]
192,craig,Home [Multimedia Track]
193,craig,Home
194,craig,Flying Without Wings
195,craig,Amazing
196,craig,You Raise Me Up
197,craig,You Raise Me Up
198,craig,You Raise Me Up
199,craig,Swear It Again [Radio Edit]
200,craig,You Raise Me Up
201,craig,You Raise Me Up
202,craig,I Have a Dream
203,craig,My Love
204,craig,What Makes a Man
205,craig,I Lay My Love on You
206,craig,I Have a Dream
207,craig,I Have a Dream (Remix)
208,craig,Against All Odds (Take a Look at Me Now)
209,craig,Against All Odds
210,craig,When You're Looking Like That
211,craig,Close
212,craig,Somebody Needs You
213,craig,Angel's Wings
214,craig,Angels Wings
215,craig,Soledad
216,craig,Puzzle of My Heart
217,craig,Dreams Come True
218,craig,No Place That Far
219,craig,Close Your Eyes
220,craig,You Make Me Feel
221,craig,Loneliness Knows Me by Name
222,craig,Fragile Heart
223,craig,Every Little Thing You Do
224,craig,Don't Get Me Wrong
225,craig,Queen of My Heart
226,craig,Bop Bop Baby
227,craig,I Cry
228,craig,Why Do I Love You
229,craig,Uptown Girl
230,craig,I Wanna Grow Old With You
231,craig,Evergreen
232,craig,World of Our Own
233,craig,To Be Loved
234,craig,If Your Heart's Not in It
235,craig,Drive (For All Time)
236,craig,When You Come Around
237,craig,Don't Say It's Too Late
238,craig,Don't Let Me Go
239,craig,Walk Away
240,craig,Love Crime
241,craig,Imaginary Diva
242,craig,Angel
243,craig,Queen of My Heart (Radio Edit)
244,craig,Uptown Girl (Radio Edit)
245,craig,When You're Looking Like That (Single Remix)
246,craig,Drive
247,craig,Amazing
248,craig,Swear It Again
249,craig,Tonight
250,craig,Swear It Again
251,craig,You Raise Me Up
252,craig,You Raise Me Up
253,craig,Flying Without Wings [DVD]
254,craig,Amazing [DVD]
255,craig,Swear It Again [DVD]
256,craig,Mandy [DVD]
257,craig,You Raise Me Up [DVD]
258,craig,You Light Up My Life [DVD][*]
259,craig,Flying Without Wings [DVD][*]
260,craig,If I Let You Go
261,craig,Amazing
262,craig,You Raise Me Up
263,craig,The Rose
264,craig,You Raise Me Up
265,craig,The Rose
266,craig,Solitaire
267,craig,Amazing
268,craig,You Raise Me Up
269,craig,I Have a Dream
270,craig,The Rose
271,craig,Total Eclipse of the Heart
272,craig,All Out of Love
273,craig,You Light Up My Life
274,craig,Easy
275,craig,You Are So Beautiful (To Me)
276,craig,Have You Ever Been in Love
277,craig,Love Can Build a Bridge
278,craig,The Dance
279,craig,All or Nothing
280,craig,You've Lost That Lovin' Feeling
281,craig,Rose
282,craig,Total Eclipse of the Heart
283,craig,All Out of Love
284,craig,You Light Up My Life
285,craig,Easy
286,craig,You Are So Beautiful (To Me)
287,craig,Have You Ever Been in Love
288,craig,Love Can Build a Bridge
289,craig,Dance
290,craig,All or Nothing
291,craig,You've Lost That Loving Feeling
292,craig,Solitaire
293,craig,The Rose
294,craig,Total Eclipse of the Heart
295,craig,All Out of Love
296,craig,You Light Up My Life
297,craig,Easy
298,craig,You Are So Beautiful (To Me)
299,craig,Have You Ever Been in Love
300,craig,Love Can Build a Bridge
301,craig,The Dance
302,craig,All or Nothing
303,craig,You've Lost That Loving Feeling
304,craig,Nothing's Gonna Change My Love for You [*]
305,craig,Solitaire [*]
306,craig,Total Eclipse of the Heart [Sunset Strippers Verse Radio Edit][*]
307,craig,Flying Without Wings
308,craig,My Love
309,craig,Uptown Girl
310,craig,You Raise Me Up
311,craig,You Raise Me Up
312,craig,You Raise Me Up
313,craig,You Raise Me Up
314,craig,Swear It Again
315,craig,If I Let You Go
316,craig,Flying Without Wings
317,craig,Fool Again
318,craig,No No
319,craig,I Don't Wanna Fight
320,craig,Change the World
321,craig,Moments
322,craig,Seasons in the Sun
323,craig,I Need You
324,craig,Miss You
325,craig,More Than Words
326,craig,Open Your Heart
327,craig,Try Again
328,craig,What I Want Is What I've Got
329,craig,We Are One
330,craig,Can't Lose What You Never Had
331,craig,Mandy
332,craig,Hey Whatever
333,craig,Heal
334,craig,Obvious
335,craig,When a Woman Loves a Man
336,craig,On My Shoulder
337,craig,Turn Around
338,craig,I Did It for You
339,craig,Thank You
340,craig,To Be with You
341,craig,Home
342,craig,Lost in You
343,craig,What Do They Know?
344,craig,You Raise Me Up
345,craig,World of Our Own [Acoustic]
346,craig,You Raise Me Up
347,craig,I Have a Dream
348,craig,Swear It Again
349,craig,Maybe Tomorrow
350,craig,You Raise Me Up
351,craig,When You Tell Me That You Love Me
352,craig,Amazing
353,craig,That's Where You Find Love
354,craig,She's Back
355,craig,Desperado
356,craig,Colour My World
357,craig,In This Life
358,craig,Heart Without a Home
359,craig,Hit You with the Real Thing
360,craig,Change Your Mind
361,craig,You Raise Me Up
362,craig,When You Tell Me That You Love Me
363,craig,Amazing
364,craig,That's Where You Find Love
365,craig,She's Back
366,craig,Desperado
367,craig,Colour My World
368,craig,In This Life
369,craig,Heart Without a Home
370,craig,Hit You with the Real Thing
371,craig,Change Your Mind
372,craig,Maybe Tomorrow
373,craig,Flying Without Wings [From Pokemon]
374,craig,Mandy
375,craig,Smile
376,craig,You Raise Me Up
377,craig,You Raise Me Up
378,craig,Flying Without Wings
379,craig,Unbreakable
380,craig,If I Let You Go [Acoustic Version]
381,craig,When You Tell Me That You Love Me [Single Mix]
382,craig,White Christmas
383,craig,Obvious
384,craig,Ain't That a Kick in the Head
385,craig,Fly Me to the Moon
386,craig,Smile
387,craig,Let There Be Love
388,craig,The Way You Look Tonight
389,craig,Come Fly with Me
390,craig,Mack the Knife
391,craig,I Left My Heart in San Francisco
392,craig,Summer Wind
393,craig,Clementine
394,craig,When I Fall in Love
395,craig,That's Life
396,craig,Ain't That a Kick in the Head
397,craig,Fly Me to the Moon
398,craig,Smile
399,craig,Let There Be Love
400,craig,Way You Look Tonight
401,craig,Come Fly with Me
402,craig,Mack the Knife
403,craig,I Left My Heart in San Francisco
404,craig,Summer Wind
405,craig,Clementine
406,craig,When I Fall in Love
407,craig,Moon River
408,craig,That's Life
409,craig,Mandy
410,craig,Flying Without Wings
411,craig,Mandy
412,craig,Mandy
413,craig,Obvious
414,craig,Mandy
415,craig,Mandy
416,craig,Mandy
417,craig,If I Let You Go [DVD]
418,craig,Flying Without Wings [DVD]
419,craig,To Be With You [DVD]
420,craig,Do You Love Me [DVD]
421,craig,Swear It Again [DVD]
422,craig,Mandy
423,craig,Flying Without Wings
424,craig,Hey Whatever
425,craig,Mandy
426,craig,Unbreakable
427,craig,Bop Bop Baby
428,craig,Greased Lightnin'
429,craig,Hey Whatever
430,craig,I Won't Let You Down
431,craig,Singing Forever
432,craig,Hey Whatever (Video)
433,craig,Tonight (Metro Mix) (Video)
434,craig,Tonight
435,craig,Unbreakable
436,craig,I Have a Dream
437,craig,Flying Without Wings
438,craig,Mandy
439,craig,Flying Without Wings [Live]
440,craig,Mandy
441,craig,You See Friends (I See Lovers)
442,craig,Greased Lightnin'
443,craig,Mandy [Multimedia Track]
444,craig,Mandy [Making of the Video]
445,craig,Unbreakable
446,craig,World of Our Own
447,craig,Reason for Living
448,craig,Flying Without Wings
449,craig,Flying Without Wings
450,craig,Queen of My Heart
451,craig,Uptown Girl
452,craig,Hey Whatever
453,craig,Tonight
454,craig,Where We Belong
455,craig,Tonight [CD-ROM Video]
456,craig,Unbreakable
457,craig,Mandy
458,craig,Hey Whatever
459,craig,Heal
460,craig,Obvious
461,craig,When a Woman Loves a Man
462,craig,On My Shoulder
463,craig,Turn Around
464,craig,Turnaround
465,craig,I Did It for You
466,craig,Thank You
467,craig,To Be With You
468,craig,Home
469,craig,What Do They Know?
470,craig,Lost in You
471,craig,What Do They Know
472,craig,Mandy
473,craig,Hey Whatever
474,craig,Heal
475,craig,Obvious
476,craig,When a Woman Loves a Man
477,craig,On My Shoulder
478,craig,Turn Around
479,craig,I Did It for You
480,craig,Thank You
481,craig,To Be With You
482,craig,Home
483,craig,Lost in You
484,craig,What Do They Know?
485,craig,Never Knew I Was Losing You [*]
486,craig,Mandy
487,craig,Hey Whatever
488,craig,Heal
489,craig,Obvious
490,craig,When a Woman Loves a Man
491,craig,On My Shoulder
492,craig,Turnaround
493,craig,I Did It For You
494,craig,Thank You
495,craig,To Be With You
496,craig,Home
497,craig,What Do They Know
498,craig,If I Let You Go
499,craig,My Love
500,craig,Flying Without Wings
501,craig,When You're Looking Like That
502,craig,Swear It Again
503,craig,I Have a Dream
504,craig,Seasons in the Sun
505,craig,Hey Whatever (Karaoke)
506,craig,Queen of My Heart
507,craig,World of Our Own
508,craig,Bop Bop Baby
509,craig,You Don't Know
510,craig,[Video]
511,craig,Uptown Girl
512,craig,Uptown Girl
513,craig,Uptown Girl
514,craig,Bop Bop Baby
515,craig,Uptown Girl
516,craig,When You're Looking Like That
517,craig,Flying Without Wings
518,craig,Queen of My Heart
519,craig,Bop Bop Baby
520,craig,Queen of My Heart [Radio Edit]
521,craig,When You're Looking Like That
522,craig,World of Our Own
523,craig,Angel
524,craig,Angel
525,craig,Angel (VCD)
526,craig,Queen Of My Heart
527,craig,When You're Looking Like That
528,craig,Reason For Living
529,craig,Queen of My Heart
530,craig,Uptown Girl
531,craig,World of Our Own
532,craig,Back at One
533,craig,Unbreakable
534,craig,Never Knew I Was Losing You
535,craig,World of Our Own [Enhanced]
536,craig,Swear It Again [Radio Edit]
537,craig,If I Let You Go [Radio Edit]
538,craig,Flying Without Wings
539,craig,I Have a Dream [Remix]
540,craig,Fool Again [2000 Remix]
541,craig,Against All Odds [Take a Look at Me Now]
542,craig,Queen of My Heart [Radio Edit]
543,craig,When You're Looking Like That [Single Remix]
544,craig,Written in the Stars
545,craig,How Does It Feel
546,craig,Tonight
547,craig,Love Takes Two
548,craig,Miss You Nights
549,craig,Swear It Again
550,craig,If I Let You Go [Radio Edit]
551,craig,Flying Without Wings
552,craig,I Have a Dream [Remix]
553,craig,Fool Again [2000 Remix]
554,craig,Against All Odds (Take a Look at Me Now)
555,craig,I Lay My Love on You
556,craig,Queen of My Heart [Radio Edit]
557,craig,Bop Bop Baby
558,craig,When You're Looking Like That [Single Remix]
559,craig,Written in the Stars
560,craig,How Does It Feel
561,craig,Tonight
562,craig,Love Takes Two
563,craig,Miss You Nights
564,craig,Flying Without Wings [*]
565,craig,Swear It Again
566,craig,Swear It Again [Radio Edit]
567,craig,If I Let You Go
568,craig,If I Let You Go [Radio Edit]
569,craig,Flying Without Wings
570,craig,I Have A Dream
571,craig,I Have a Dream [Remix]
572,craig,Seasons in the Sun
573,craig,Fool Again
574,craig,Fool Again [2000 Remix]
575,craig,Against All Odds
576,craig,Against All Odds (Take a Look at Me Now)
577,craig,My Love
578,craig,I Lay My Love on You
579,craig,What Makes A Man
580,craig,Uptown Girl
581,craig,Queen of My Heart [Radio Edit]
582,craig,Queen Of My Heart
583,craig,World Of Our Own
584,craig,When You're Looking Like That
585,craig,Bop Bop Baby
586,craig,Angel
587,craig,When You're Looking Like That [Single Remix]
588,craig,Unbreakable
589,craig,Written In The Stars
590,craig,How Does It Feel
591,craig,Tonight
592,craig,Love Takes Two
593,craig,Swear It Again [Us Version Video]
594,craig,Miss You Nights
595,craig,Miss You Nights/Westlife Hall of Fame
596,craig,Swear It Again
597,craig,If I Let You Go
598,craig,I Have a Dream
599,craig,Fool Again
600,craig,Against All Odds
601,craig,My Love
602,craig,What Makes a Man
603,craig,Uptown Girl
604,craig,Queen of my Heart
605,craig,World of Our Own
606,craig,Bop Bop Baby
607,craig,When You're Looking Like That
608,craig,Unbreakable
609,craig,Written in the Stars
610,craig,How Does it Feel
611,craig,Tonight
612,craig,Love Takes Two
613,craig,Miss You Nights
614,craig,Crying Girl
615,craig,Fool Again
616,craig,Uptown Girl
617,craig,Uptown Girl
618,craig,My Love
619,craig,I Lay My Love on You
620,craig,Queen of My Heart
621,craig,Uptown Girl
622,craig,Mandy
623,craig,Against All Odds (Take a Look at Me Now)
624,craig,When You're Looking Like That
625,craig,Uptown Girl
626,craig,When You're Looking Like That
627,craig,My Private Movie
628,craig,Fool Again
629,craig,Fool Again (VCD)
630,craig,My Love
631,craig,What Becomes of the Broken Hearted
632,craig,My Love
633,craig,Uptown Girl
634,craig,World of Our Own [VCD Plus][*]
635,craig,Queen of My Heart [VCD Plus][*]
636,craig,Uptown Girl
637,craig,Queen of My Heart
638,craig,My Love
639,craig,I'll Be There
640,craig,What Becomes of the Brokenhearted
641,craig,Queen of My Heart
642,craig,Queen of My Heart [Radio Edit]
643,craig,Queen of My Heart (Radio Edit)
644,craig,Bop Bop Baby
645,craig,I Cry
646,craig,Why Do I Love You?
647,craig,Why Do I Love You
648,craig,I Wanna Grow Old With You
649,craig,Evergreen
650,craig,World of Our Own
651,craig,To Be Loved
652,craig,Drive (For All Time)
653,craig,If Your Heart's Not in It
654,craig,When You Come Around
655,craig,Don't Say It's Too Late
656,craig,Don't Let Me Go
657,craig,Walk Away
658,craig,Love Crime
659,craig,Imaginary Diva
660,craig,Angel
661,craig,Queen of My Heart [Radio Edit]
662,craig,Bop Bop Baby
663,craig,I Cry
664,craig,Why Do I Love You
665,craig,I Wanna Grow Old with You
666,craig,When You're Looking Like That [Single Remix]
667,craig,Evergreen
668,craig,World of Our Own
669,craig,To Be Loved
670,craig,Drive
671,craig,If Your Heart's Not in It
672,craig,When You Come Around
673,craig,Don't Let Me Go
674,craig,Walk Away
675,craig,Love Crime
676,craig,Imaginary Diva
677,craig,Angel
678,craig,Queen of My Heart (Radio Edit)
679,craig,I Cry
680,craig,Why Do I Love You
681,craig,I Wanna Grow Old With You
682,craig,Evergreen
683,craig,World of Our Own
684,craig,To Be Loved
685,craig,Drive (For All Time)
686,craig,If Your Heart's Not in It
687,craig,When You Come Around
688,craig,Don't Let Me Go
689,craig,Walk Away
690,craig,Love Crime
691,craig,Imaginary Diva
692,craig,Angel
693,craig,My Love (Karaoke Music Video)
694,craig,Uptown Girl (Karaoke Music Video)
695,craig,I Lay My Love on You (Karaoke Music Video)
696,craig,Queen of My Heart (Karaoke Music Video)
697,craig,World of Our Own (Karaoke Music Video)
698,craig,Angel (Karaoke Music Video)
699,craig,My Private Movie (Audio Only)
700,craig,Don't Get Me Wrong (Audio Only)
701,craig,Crying Girl (Audio Only)
702,craig,You Don't Know (Audio Only)
703,craig,Reason For Living (Audio Only)
704,craig,Queen of My Heart [Radio Edit]
705,craig,Bop Bop Baby
706,craig,I Cry
707,craig,Why Do I Love You
708,craig,I Wanna Grow Old with You
709,craig,Evergreen
710,craig,World of Our Own
711,craig,To Be Loved
712,craig,Drive (For All Time)
713,craig,If Your Heart's Not in It
714,craig,When You Come Around
715,craig,Don't Say It's Too Late
716,craig,Don't Let Me Go
717,craig,Walk Away
718,craig,Love Crime
719,craig,Imaginary Diva
720,craig,Angel
721,craig,Queen of My Heart [Radio Edit]
722,craig,Crying Girl
723,craig,Against All Odds (Take a Look at Me Now)
724,craig,Uptown Girl
725,craig,When You're Looking Like That
726,craig,I Have a Dream
727,craig,My Love
728,craig,I Have a Dream
729,craig,I Have a Dream
730,craig,Flying Without Wings
731,craig,My Love
732,craig,What Makes a Man
733,craig,I Lay My Love on You
734,craig,I Have a Dream [Remix]
735,craig,Against All Odds (Take a Look at Me Now)
736,craig,When You're Looking Like That
737,craig,Close
738,craig,Somebody Needs You
739,craig,Angel's Wings
740,craig,Soledad
741,craig,Puzzle of My Heart
742,craig,Dreams Come True
743,craig,No Place That Far
744,craig,Close Your Eyes
745,craig,You Make Me Feel
746,craig,Loneliness Knows Me by Name
747,craig,Fragile Heart
748,craig,Every Little Thing You Do
749,craig,[Silence]
750,craig,Don't Get Me Wrong
751,craig,My Love
752,craig,What Makes a Man
753,craig,I Lay My Love on You
754,craig,Against All Odds (Take a Look at Me Now)
755,craig,When You're Looking Like That
756,craig,Close
757,craig,Somebody Needs You
758,craig,Angel's Wings
759,craig,Soledad
760,craig,Puzzle of My Heart
761,craig,Dreams Come True
762,craig,No Place That Far
763,craig,You Make Me Feel
764,craig,Loneliness Knows Me by Name
765,craig,Fragile Heart
766,craig,Every Little Thing You Do
767,craig,Nothing Is Impossible
768,craig,What Becomes of the Broken Hearted
769,craig,I'll Be There
770,craig,My Girl
771,craig,My Love
772,craig,What Makes a Man
773,craig,I Lay My Love on You
774,craig,Against All Odds (Take a Look at Me Now)
775,craig,When You're Looking Like That
776,craig,Close
777,craig,Somebody Needs You
778,craig,Angel's Wings
779,craig,Soledad
780,craig,Puzzle of My Heart
781,craig,Dreams Come True
782,craig,No Place That Far
783,craig,Close Your Eyes
784,craig,You Make Me Feel
785,craig,Loneliness Knows Me by Name
786,craig,Fragile Heart
787,craig,Every Little Thing You Do
788,craig,Nothing is Impossible
789,craig,My Love
790,craig,What Makes a Man
791,craig,I Lay My Love on You
792,craig,I Have a Dream [Remix]
793,craig,Against All Odds (Take a Look at Me Now)
794,craig,When You're Looking Like That
795,craig,Close
796,craig,Somebody Needs You
797,craig,Angel's Wings
798,craig,Soledad
799,craig,Puzzle of My Heart
800,craig,Dreams Come True
801,craig,No Place That Far
802,craig,Close Your Eyes
803,craig,You Make Me Feel
804,craig,Loneliness Knows Me by Name
805,craig,Fragile Heart
806,craig,Every Little Thing You Do
807,craig,Don't Get Me Wrong
808,craig,My Love
809,craig,If I Let You Go
810,craig,What Makes a Man
811,craig,I Lay My Love on You
812,craig,Against All Odds
813,craig,Close
814,craig,Somebody Needs You
815,craig,Angels Wings
816,craig,Soledad
817,craig,Puzzle of My Heart
818,craig,Dreams Come True
819,craig,No Place That Far
820,craig,Close Your Eyes
821,craig,You Make Me Feel
822,craig,Loneliness Knows Me by Name
823,craig,Fragile Heart
824,craig,Every Little Thing You Do
825,craig,Nothing Is Impossible
826,craig,My Girl
827,craig,I Have a Dream
828,craig,Swear It Again
829,craig,Swear It Again [Radio Edit]
830,craig,If I Let You Go
831,craig,Flying Without Wings
832,craig,Flying Without Wings
833,craig,A World of Our Own
834,craig,Flying Without Wings
835,craig,Swear It Again
836,craig,Against All Odds (Take a Look at Me Now)
837,craig,I Don't Wanna Fight
838,craig,Flying Without Wings
839,craig,Fool Again
840,craig,I Have a Dream
841,craig,Seasons in the Sun
842,craig,I Have a Dream
843,craig,On the Wings of Love
844,craig,That's What It's All About
845,craig,If I Let You Go [Extended Version]
846,craig,Flying Without Wings [Acappella Mix]
847,craig,Fool Again [2000 Remix]
848,craig,Seasons in the Sun
849,craig,Swear It Again
850,craig,Flying Without Wings
851,craig,Fool Again
852,craig,Swear It Again
853,craig,I Have a Dream
854,craig,Swear It Again [Radio Edit]
855,craig,Until the End of Time
856,craig,Forever
857,craig,Everybody Knows
858,craig,Let's Make Tonight Special
859,craig,Don't Calm the Storm
860,craig,Flying Without Wings
861,craig,No No
862,craig,Swear It Again
863,craig,Change the World
864,craig,Moments
865,craig,If I Let You Go
866,craig,I Need You
867,craig,More Than Words
868,craig,I Don't Wanna Fight
869,craig,We Are One
870,craig,Open Your Heart
871,craig,Flying Without Wings
872,craig,If I Let You Go
873,craig,My Private Movie
874,craig,I Have a Dream
875,craig,I Have a Dream
876,craig,If I Let You Go
877,craig,Swear It Again
878,craig,If I Let You Go
879,craig,Swear It Again
880,craig,Flying Without Wings
881,craig,Everybody Knows
882,craig,That's What It's All About
883,craig,Swear It Again
884,craig,Swear It Again [Remix]
885,craig,Against All Odds (Take a Look at Me Now) [Bonus CD]
886,craig,Swear It Again
887,craig,Swear It Again
888,craig,Can't Lose What You Never Had
889,craig,I Don't Wanna Fight
890,craig,My Private Movie
891,craig,Flying Without Wings
892,craig,If I Let You Go
893,craig,Fool Again
894,craig,No No
895,craig,Miss You
896,craig,Open Your Heart
897,craig,We Are One
898,craig,I Need You
899,craig,More Than Words
900,craig,Swear It Again
901,craig,If I Let You Go
902,craig,Fool Again
903,craig,No No
904,craig,I Don't Wanna Fight
905,craig,Change the World
906,craig,Moments
907,craig,Seasons in the Sun
908,craig,I Need You
909,craig,Miss You
910,craig,Open Your Heart
911,craig,Try Again
912,craig,What I Want Is What I've Got
913,craig,We Are One
914,craig,Can't Lose What You Never Had
915,craig,Swear It Again
916,craig,If I Let You Go
917,craig,Flying Without Wings
918,craig,Fool Again
919,craig,No No
920,craig,I Don't Wanna Fight
921,craig,Change the World
922,craig,Moments
923,craig,Seasons in the Sun
924,craig,I Need You
925,craig,Miss You
926,craig,More Than Words
927,craig,Open Your Heart
928,craig,Try Again
929,craig,We Are One
930,craig,Can't Lose What You Never Had
931,craig,I Lay My Love on You
932,craig,Swear It Again [Radio Edit]
933,craig,If I Let You Go
934,craig,Obvious
935,craig,Tonight
936,craig,Better Man
937,craig,You Raise Me Up
938,craig,Dynamite
939,craig,Swear It Again
940,craig,If I Let You Go
941,craig,Flying Without Wings
942,craig,I Have a Dream
943,craig,Uptown Girl
944,craig,When You're Looking Like That
945,craig,Queen of My Heart
946,craig,Queen of My Heart
947,craig,My Love
948,craig,Flying Without Wings
949,craig,Unbreakable
950,craig,Smile
951,craig,Uptown Girl
952,craig,Home
953,craig,Us Against the World
954,craig,Something Right
955,craig,The Rose
956,craig,Amazing
957,craig,You Raise Me Up
958,craig,Fly Me to the Moon
959,craig,Mandy
960,craig,Obvious
961,craig,Unbreakable
962,craig,Angel
963,craig,Bop Bop Baby
964,craig,Queen of My Heart
965,craig,Uptown Girl
966,craig,I Lay My Love On You
967,craig,My Love
968,craig,What Makes a Man
969,craig,When You're Looking Like That
970,craig,Flying Without Wings
971,craig,Fool Again
972,craig,If I Let You Go
973,craig,Swear It Again
974,craig,Angel
975,craig,Hello My Love
976,craig,Unbreakable
977,craig,Something Right
978,craig,World of Our Own
979,craig,Queen of My Heart
980,craig,Home
981,craig,When You're Looking Like That
982,craig,Fool Again
983,craig,Uptown Girl
984,craig,I Lay My Love on You
985,craig,Uptown Girl
986,craig,When You're Looking Like That
987,craig,Bop Bop Baby
988,craig,Unbreakable
989,craig,World of Our Own
990,craig,Swear It Again [Remix]
991,craig,Bop Bop Baby
992,craig,Uptown Girl
993,craig,Uptown Girl
994,craig,Uptown Girl
995,craig,I Have A Dream
996,craig,Home
997,craig,World of Our Own
998,craig,En Ti Deje Mi Amor (Spanish I Lay My Love On You)
999,craig,World of Our Own
1000,craig,World of Our Own
1001,craig,Can't Lose What You Never Had
1002,craig,What I Want Is What I've Got
1003,craig,Try Again
1004,craig,Uptown Girl
1005,craig,Tonight
1006,craig,World of Our Own
1007,craig,Uptown Girl
1008,craig,Unbreakable
1009,craig,Bop Bop Baby
1010,craig,What Makes a Man
1011,craig,You Light Up My Life
1012,craig,Uptown Girl
1013,craig,World of Our Own
1014,craig,Uptown Girl
1015,craig,If I Let You Go
1016,craig,The Dance
1017,craig,You Raise Me Up [Live at Ulster Hall]
1018,craig,Private Movie
1019,craig,World of Our Own [Live at Ulster Hall]
1020,craig,Lifeline
1021,craig,Uptown Girl [Live at Ulster Hall]
1022,craig,Rewind
1023,craig,Alone Together
1024,craig,Flying Without Wings [Live at Ulster Hall]
1025,craig,My Hero
1026,craig,Starlight
1027,craig,Rewind
1028,craig,Magic
1029,craig,Do You Ever Think of Me
1030,craig,End of Time
1031,craig,Motown Medley Tour 2001
1032,craig,I Get Weak
1033,craig,My Hero
1034,craig,Alive
1035,craig,Flying Without Wings [Live at Ulster Hall]
1036,craig,Bop Bop Baby
1037,craig,You Raise Me Up
1038,craig,Uptown Girl
1039,craig,Don't Say It's Too Late
1040,craig,Bop Bop Baby
1041,craig,Miss You When I'm Dreaming
1042,craig,Tunnel Of Love
1043,craig,Beyond The Sea
1044,craig,Starlight
1045,craig,Nothing's Gonna Change My Love For You
1046,craig,White Christmas
1047,craig,I Have A Dream
1048,craig,You Raise Me Up [Live at Ulster Hall]
1049,craig,Get Away
1050,craig,Uptown Girl [Live at Ulster Hall]
1051,craig,Lifeline
1052,craig,World of Our Own [Live at Ulster Hall]
1053,craig,Do You Ever Think of Me
1054,craig,Alone Together
1055,craig,Bop Bop Baby
1056,craig,The Dance
1057,craig,Without You
1058,craig,Better Man
1059,craig,My Blood
1060,craig,Better Man
1061,craig,Hello My Love
1062,craig,Another Life
1063,craig,L.O.V.E.
1064,craig,Without You
1065,craig,Dynamite
1066,craig,Uptown Girl
1067,craig,One Last Time
1068,craig,Flying Without Wings
1069,craig,Better Man
1070,craig,Better Man
1071,craig,The Reason
1072,craig,Angel
1073,craig,I'll See You Again
1074,craig,The Way You Look Tonight
1075,craig,Dynamite
1076,craig,Take Me There
1077,craig,Too Hard To Say Goodbye
1078,craig,Take Me There
1079,craig,L.O.V.E.
1080,craig,Wide Open
1081,craig,Repair
1082,craig,Dynamite
1083,craig,One Last Time
1084,craig,Beautiful World
1085,craig,Better Man
1086,craig,Better Man
1087,craig,Without You
1088,craig,Better Man
1089,craig,Better Man
1090,craig,Better Man
1091,craig,Dynamite
1092,craig,Dynamite
1093,craig,Dynamite
1094,craig,Dynamite
1095,craig,Another Life
1096,craig,Reach Out
1097,craig,Bop Bop Baby
1098,craig,Hey Whatever
1099,craig,Uptown Girl
1100,craig,I Lay My Love on You
1101,craig,When You're Looking Like That
1102,craig,Uptown Girl
1103,craig,Queen of My Heart
1104,craig,Tonight
1105,craig,When You're Looking Like That
1106,craig,Unbreakable
1107,craig,World of Our Own
1108,craig,World of Our Own
1109,craig,Bop Bop Baby
1110,craig,Uptown Girl
1111,craig,When You're Looking Like That
1112,craig,The Rose
1113,craig,World of Our Own
1114,craig,Colour My World
1115,craig,Queen of My Heart
1116,craig,Seasons in the Sun
1117,craig,Uptown Girl
1118,craig,Unbreakable
1119,craig,Uptown Girl
1120,craig,Still Here
1121,craig,Fool Again
1122,craig,Unbreakable
1123,craig,Sound of a Broken Heart
1124,craig,No More Heroes
1125,craig,Bad Girls
1126,craig,En Ti Deje Mi Amor (Spanish I Lay My Love On You)
1127,craig,Butterfly Kisses
1128,craig,Try Again
1129,craig,Uptown Girl
1130,craig,Better Man
1131,craig,I Promise You That
1132,craig,When You're Looking Like That
1133,craig,Angel
1134,craig,World of Our Own
1135,craig,My Love
1136,craig,Uptown Girl
1137,craig,World of Our Own
1138,craig,Story of Love
1139,craig,Swear It Again
1140,craig,If I Let You Go
1141,craig,Flying Without Wings
1142,craig,Swear It Again [Karaoke]
1143,craig,If I Let You Go [Karaoke]
1144,craig,Flying Without Wings [Karaoke]
1145,craig,Queen of My Heart
1146,craig,My Love
1147,craig,Swear It Again
1148,craig,Bop Bop Baby
1149,craig,What Makes a Man
1150,craig,If I Let You Go
1151,craig,I Cry
1152,craig,I Lay My Love on You
1153,craig,Flying Without Wings
1154,craig,Uptown Girl
1155,craig,Against All Odds (Take a Look at Me Now)
1156,craig,Fool Again
1157,craig,Somebody Needs You
1158,craig,Soledad
1159,craig,Seasons in the Sun
1160,craig,Evergreen
1161,craig,When You're Looking Like That
1162,craig,Change the World
1163,craig,When You Come Around
1164,craig,Puzzle of My Heart
1165,craig,Love Crime
